Όνομα,Επώνυμο,Τηλέφωνο,Email
Γιάννης,Γόγγκου,6996188163,Γιάννης@gmail.com
Ορφέας,Μπούσιου/ος,6914611021,Ορφέας@gmail.com
Κωσταντίνα,Γόγγκου,6928256620,Κωσταντίνα@gmail.com
Γιάννης,Καρβασίλη,6921285196,Γιάννης@gmail.com
Κωσταντίνα,Καρβασίλη,6988637293,Κωσταντίνα@gmail.com
Κωσταντίνα,Καρβασίλη,6932469215,Κωσταντίνα@gmail.com
Κωσταντίνα,Σκετέρη/ης,6919574731,Κωσταντίνα@gmail.com
Κωσταντίνα,Καρβασίλη,6968760404,Κωσταντίνα@gmail.com
Γιάννης,Μπούσιου/ος,6925604640,Γιάννης@gmail.com
Χαρά,Γόγγκου,6936436998,Χαρά@gmail.com
